State Code,State Name,Year,Month,Intra_State_Supplies_(No._Of_Suppliers),Intra_State_Supplies_(No._Of_Eway_Bills),Intra_State_Supplies(Asset_Value_(Rs._In_Cr.)),Inter_State_Outward_Supplies(No._Of_Suppliers),Inter_State_Outward_Supplies(No._Of_Eway_Bills),Inter_State_Outward_Supplies(Asset_Value_(Rs_ In_Cr.)),Inter_State_Inward_Supplies(No._Of_Suppliers),Inter_State_Inward_Supplies(No._Of_Eway_Bills),Inter_State_Inward_Supplies(Asset_Value_(Rs._In_Cr.))
1,JAMMU AND KASHMIR,2023,2,"7,179","229,467","410,608.72","2,898","35,680","255,314.51","19,651","204,109","653,590.82"
2,HIMACHAL PRADESH,2023,2,"9,304","277,918","637,023.92","5,901","276,586","1,266,893.01","23,603","326,516","1,110,398.89"
3,PUNJAB,2023,2,"72,943","1,925,793","4,979,832.59","51,054","982,175","3,294,112.54","76,214","1,044,211","3,620,329.79"
4,CHANDIGARH,2023,2,"2,426","26,690","44,223.22","5,260","85,421","188,353.92","8,913","135,605","300,213.21"
5,UTTARAKHAND,2023,2,"14,266","674,690","1,234,261.35","9,760","372,938","1,999,127.75","29,080","531,745","1,720,853.12"
6,HARYANA,2023,2,"79,016","3,343,509","6,202,864.54","68,805","3,607,198","8,780,867.28","110,273","2,208,761","8,315,624.00"
7,DELHI,2023,2,"76,184","1,118,945","3,900,125.77","132,754","1,817,041","5,064,010.71","135,603","2,179,069","5,879,641.12"
8,RAJASTHAN,2023,2,"64,882","1,627,477","4,459,298.06","55,047","1,545,924","4,613,306.69","108,093","1,453,148","5,608,971.20"
9,UTTAR PRADESH,2023,2,"142,095","4,446,053","9,161,369.26","92,454","1,861,922","7,218,591.21","211,151","2,933,340","9,485,489.87"
10,BIHAR,2023,2,"10,849","650,540","1,260,655.28","9,359","110,257","384,533.66","66,113","898,730","2,070,161.92"
11,SIKKIM,2023,2,160,"10,902","21,157.44",203,"7,066","278,697.60","2,652","49,334","105,622.42"
12,ARUNACHAL PRADESH,2023,2,252,"4,621","11,261.28",287,"1,715","9,658.67","3,558","38,019","90,507.46"
13,NAGALAND,2023,2,218,"2,908","9,169.52",353,"9,730","24,554.78","2,686","33,858","63,601.93"
14,MANIPUR,2023,2,168,"5,822","16,343.56",164,939,"3,971.08","3,162","44,922","101,832.00"
15,MIZORAM,2023,2,68,"2,713","3,816.09",90,516,"2,712.70","2,089","31,227","58,465.36"
16,TRIPURA,2023,2,"1,785","42,396","73,755.80",516,"3,067","26,069.46","4,484","38,703","96,755.53"
17,MEGHALAYA,2023,2,496,"20,226","44,242.45",499,"37,235","83,979.91","3,814","47,603","127,873.45"
18,ASSAM,2023,2,"14,351","563,901","1,056,009.82","10,953","210,891","715,723.66","28,477","389,555","1,369,899.73"
19,WEST BENGAL,2023,2,"52,243","2,348,367","5,649,861.88","45,509","1,058,316","4,245,866.84","70,278","1,289,829","4,904,814.76"
20,JHARKHAND,2023,2,"11,219","640,642","1,655,652.12","9,203","268,603","1,934,766.95","29,699","523,136","1,857,335.28"
21,ODISHA,2023,2,"18,364","1,174,578","2,565,212.85","7,719","334,362","3,341,835.48","37,056","505,805","2,432,561.71"
22,CHHATTISGARH,2023,2,"7,084","340,306","1,148,050.69","9,170","207,414","1,980,447.17","26,669","509,374","1,929,657.38"
23,MADHYA PRADESH,2023,2,"27,342","967,199","2,296,988.09","23,234","539,994","2,787,777.58","78,470","1,045,688","3,620,941.27"
24,GUJARAT,2023,2,"169,030","5,053,431","14,824,481.42","144,509","4,846,715","13,998,971.89","146,109","1,976,745","10,283,434.23"
25,DAMAN AND DIU,2023,2, -   , -   , -   ,1,1,1.2,17,25,129.54
26,DADRA AND NAGAR HAVELI,2023,2,"3,030","124,300","564,087.59","3,919","430,501","1,783,684.14","5,611","185,930","1,436,368.56"
27,MAHARASHTRA,2023,2,"158,904","8,035,752","19,441,622.20","121,336","4,366,321","16,135,000.35","214,156","3,130,427","15,209,198.16"
29,KARNATAKA,2023,2,"112,863","5,240,348","9,155,937.53","55,698","2,169,818","7,134,246.50","121,806","2,079,682","7,818,080.00"
30,GOA,2023,2,"1,988","105,962","198,590.46","1,830","65,819","524,736.60","8,135","123,124","483,398.62"
31,LAKSHADWEEP,2023,2, -   , -   , -   ,2,3,3.46,48,362,524.9
32,KERALA,2023,2,"46,157","1,723,903","2,498,837.72","16,961","180,470","905,704.08","58,170","746,560","2,032,806.46"
33,TAMIL NADU,2023,2,"116,775","6,012,887","11,578,062.77","75,822","2,377,665","9,227,479.62","120,897","2,039,110","9,472,972.46"
34,PUDUCHERRY,2023,2,"1,197","44,986","155,794.25","2,101","114,195","385,875.57","5,973","119,806","350,936.35"
35,ANDAMAN AND NICOBAR,2023,2,66,2395,"5,930",123,486,"5,257","1,199","11,603.00","28,061"
36,TELANGANA,2023,2,"48,427","2,410,679","4,517,586.73","34,029","804,149","3,813,520.22","67,371","1,248,193","4,558,809.61"
37,ANDHRA PRADESH,2023,2,"38,025","1,951,436","3,349,850.44","23,230","512,985","4,053,184.63","72,307","994,229","4,030,893.56"
38,LADAKH,2023,2,42,411,"1,673.92",10,21,109.7,241,"1,452","5,615.29"
97,Other Territory,2023,2,9,101,"5,400.47",33,"3,552","78,283.41",333,"11,038","290,879.45"
1,JAMMU AND KASHMIR,2023,1,"6,884","205,360","379,775.61","2,994","35,230","248,044.64","18,724","182,249","620,873.09"
2,HIMACHAL PRADESH,2023,1,"9,086","269,960","627,430.23","5,781","266,442","1,254,140.55","22,911","322,657","1,134,814.41"
3,PUNJAB,2023,1,"71,821","1,872,956","4,865,593.37","52,059","951,070","3,270,990.47","73,759","1,005,589","3,635,510.16"
4,CHANDIGARH,2023,1,"2,338","25,657","45,790.92","5,187","83,313","182,056.81","8,776","132,727","303,808.44"
5,UTTARAKHAND,2023,1,"14,098","681,149","1,254,515.05","9,630","377,139","1,956,404.15","27,985","532,665","1,714,726.81"
6,HARYANA,2023,1,"77,682","3,452,733","6,404,107.31","68,234","3,775,717","8,787,405.71","108,108","2,207,341","8,469,052.86"
7,DELHI,2023,1,"74,380","1,094,983","3,824,220.08","129,959","1,775,763","4,964,360.30","133,464","2,116,207","5,893,000.33"
8,RAJASTHAN,2023,1,"64,453","1,622,482","4,447,106.06","54,816","1,490,915","4,625,119.53","108,032","1,515,910","5,623,526.58"
9,UTTAR PRADESH,2023,1,"138,415","4,246,862","8,966,971.83","91,131","1,818,772","7,245,245.28","203,916","2,942,413","9,369,481.61"
10,BIHAR,2023,1,"10,250","613,973","1,218,893.86","8,960","102,455","389,647.36","62,940","842,027","2,024,694.27"
11,SIKKIM,2023,1,158,"10,727","22,489.10",204,"7,127","284,328.67","2,696","52,960","110,371.09"
12,ARUNACHAL PRADESH,2023,1,236,"4,355","9,192.14",267,"1,999","11,262.50","3,483","38,311","89,581.48"
13,NAGALAND,2023,1,191,"2,585","9,268.42",354,"9,506","25,812.01","2,659","33,763","70,424.71"
14,MANIPUR,2023,1,176,"5,199","15,192.16",167,956,"3,764.30","3,066","41,994","92,191.13"
15,MIZORAM,2023,1,62,"2,049","3,532.99",95,470,"2,507.67","2,073","30,585","59,436.83"
16,TRIPURA,2023,1,"1,705","44,485","80,174.64",522,"3,264","28,185.43","4,582","41,834","106,092.97"
17,MEGHALAYA,2023,1,469,"21,152","50,467.30",544,"42,508","96,516.36","3,849","49,230","137,473.67"
18,ASSAM,2023,1,"14,089","542,625","1,034,685.74","10,806","211,088","748,035.41","27,420","373,646","1,300,978.43"
19,WEST BENGAL,2023,1,"50,753","2,279,085","5,719,575.06","45,065","984,647","4,218,582.98","68,497","1,278,677","4,995,158.54"
20,JHARKHAND,2023,1,"10,797","620,639","1,648,833.39","8,829","261,982","1,950,355.87","28,527","496,567","1,828,422.02"
21,ODISHA,2023,1,"18,077","1,168,226","2,591,042.36","7,557","337,423","3,267,760.48","36,460","502,891","2,481,513.56"
22,CHHATTISGARH,2023,1,"7,027","341,710","1,176,188.96","9,251","213,075","2,045,873.71","26,798","506,260","1,919,739.49"
23,MADHYA PRADESH,2023,1,"26,971","974,425","2,333,637.15","23,099","532,887","2,826,858.56","77,853","1,059,146","3,610,838.66"
24,GUJARAT,2023,1,"168,525","5,217,405","14,920,855.22","143,658","4,712,520","14,121,504.62","147,032","2,035,087","10,627,956.48"
25,DAMAN AND DIU,2023,1, -   , -   , -   , -   , -   , -   ,20,25,98.86
26,DADRA AND NAGAR HAVELI,2023,1,"3,015","134,123","584,738.20","3,937","462,867","1,915,906.42","5,629","197,572","1,619,501.25"
27,MAHARASHTRA,2023,1,"159,314","8,461,392","20,276,559.00","121,754","4,453,898","16,565,186.21","216,119","3,169,746","15,949,638.86"
29,KARNATAKA,2023,1,"113,775","5,469,644","9,614,372.11","56,189","2,318,775","7,421,686.44","121,807","2,073,310","8,247,959.84"
30,GOA,2023,1,"2,025","110,084","193,670.31","1,819","68,845","516,166.38","8,174","129,431","511,860.99"
31,LAKSHADWEEP,2023,1,1,1,40.4,2,5,19.06,41,357,580.74
32,KERALA,2023,1,"46,892","1,870,094","2,657,464.96","17,194","182,467","918,976.72","58,313","736,160","2,062,111.73"
33,TAMIL NADU,2023,1,"113,944","5,855,802","11,179,230.85","75,117","2,270,449","9,234,154.66","120,336","2,079,775","9,151,124.57"
34,PUDUCHERRY,2023,1,"1,172","43,379","137,253.27","2,052","113,845","374,565.57","5,836","120,275","355,635.48"
35,ANDAMAN AND NICOBAR,2023,1,65,"2,364","4,393.26",91,417,"3,835.41","1,174","11,089","25,571.29"
36,TELANGANA,2023,1,"47,839","2,471,123","4,594,142.73","33,934","827,668","3,626,331.60","67,345","1,306,705","4,604,472.36"
37,ANDHRA PRADESH,2023,1,"37,284","2,004,886","3,423,508.29","22,812","512,484","4,079,859.78","72,490","962,675","4,068,526.54"
38,LADAKH,2023,1,57,472,"1,895.01",19,32,407.94,274,"1,535","4,472.26"
97,Other Territory,2023,1,7,111,"5,352.37",35,"3,625","71,725.81",322,"10,726","284,881.60"
1,JAMMU AND KASHMIR,2022,12,"7,173","239,879","418,264.23","3,619","40,819","254,572.94","19,755","202,858","640,238.28"
2,HIMACHAL PRADESH,2022,12,"9,084","301,026","665,777.45","5,868","291,199","1,352,422.78","23,682","340,219","1,185,646.91"
3,PUNJAB,2022,12,"73,098","1,977,088","4,910,871.93","54,526","1,068,419","3,352,184.61","75,898","1,043,584","3,705,775.00"
4,CHANDIGARH,2022,12,"2,375","28,654","47,303.57","5,270","88,287","189,643.80","8,927","141,727","311,140.04"
5,UTTARAKHAND,2022,12,"14,240","676,154","1,213,427.63","9,783","404,983","1,995,527.50","28,751","545,332","1,707,656.65"
6,HARYANA,2022,12,"78,431","3,358,795","6,277,708.09","69,228","3,776,322","8,888,732.37","109,526","2,252,660","8,396,636.84"
7,DELHI,2022,12,"75,652","1,175,991","3,976,532.69","131,969","1,835,656","5,146,439.11","135,596","2,084,499","6,040,140.30"
8,RAJASTHAN,2022,12,"65,782","1,734,134","4,733,421.53","56,044","1,489,616","4,746,895.16","108,258","1,470,526","5,414,048.71"
9,UTTAR PRADESH,2022,12,"140,181","4,349,041","8,766,191.45","93,224","1,856,961","7,118,764.33","205,601","2,752,194","9,244,942.89"
10,BIHAR,2022,12,"10,119","641,648","1,229,936.18","9,222","115,949","415,516.26","60,627","658,046","2,000,540.91"
11,SIKKIM,2022,12,163,"10,987","22,419.56",226,"8,032","319,036.45","2,874","58,261","125,723.29"
12,ARUNACHAL PRADESH,2022,12,255,"4,290","9,360.21",282,"2,113","11,597.38","3,534","41,494","90,625.21"
13,NAGALAND,2022,12,177,"2,801","9,143.79",381,"8,133","24,921.90","2,710","36,844","64,687.61"
14,MANIPUR,2022,12,167,"5,016","12,913.51",172,"1,187","4,063.97","3,098","50,262","95,522.12"
15,MIZORAM,2022,12,68,"1,643","2,753.00",92,604,"1,502.96","2,050","34,342","60,486.52"
16,TRIPURA,2022,12,"1,709","47,887","89,641.16",545,"3,772","32,399.21","4,762","45,687","110,067.36"
17,MEGHALAYA,2022,12,476,"20,274","46,032.58",559,"39,153","99,621.22","4,049","54,418","150,220.09"
18,ASSAM,2022,12,"14,340","582,120","1,113,592.92","11,233","244,903","806,082.51","28,108","385,269","1,376,313.60"
19,WEST BENGAL,2022,12,"50,525","2,360,243","5,931,951.42","45,671","985,182","4,401,487.26","69,532","1,236,179","5,140,306.50"
20,JHARKHAND,2022,12,"10,752","635,643","1,639,825.50","8,873","259,276","1,916,423.32","28,753","451,010","1,852,989.10"
21,ODISHA,2022,12,"17,804","1,173,620","2,618,579.86","7,640","313,614","3,233,363.99","36,389","496,215","2,538,009.05"
22,CHHATTISGARH,2022,12,"6,943","339,630","1,134,701.22","9,222","209,089","1,949,036.16","26,894","470,167","1,908,593.12"
23,MADHYA PRADESH,2022,12,"27,001","1,010,403","2,326,800.04","23,800","575,101","2,941,398.29","78,626","1,004,474","3,514,657.06"
24,GUJARAT,2022,12,"168,055","5,338,599","15,383,045.95","144,148","4,407,999","14,524,152.29","150,929","2,100,857","10,642,158.24"
25,DAMAN AND DIU,2022,12, -   , -   , -   ,1,1,1.91,18,20,100.66
26,DADRA AND NAGAR HAVELI,2022,12,"3,011","135,234","561,102.35","3,933","480,521","2,000,757.87","5,609","201,468","1,640,449.17"
27,MAHARASHTRA,2022,12,"158,375","8,279,391","20,020,328.39","122,633","4,533,097","17,252,414.46","219,786","3,288,560","16,056,290.92"
29,KARNATAKA,2022,12,"114,296","5,445,779","9,594,763.64","57,287","2,329,864","7,615,263.84","124,342","2,117,396","8,259,860.95"
30,GOA,2022,12,"2,040","117,045","212,173.24","1,859","75,013","576,959.13","8,601","136,614","541,627.23"
31,LAKSHADWEEP,2022,12, -   , -   , -   ,2,3,31.69,50,415,588.44
32,KERALA,2022,12,"46,931","1,920,331","2,693,576.84","17,404","189,899","944,863.99","59,689","776,666","2,080,144.56"
33,TAMIL NADU,2022,12,"115,554","6,193,461","11,583,795.98","77,198","2,377,949","9,723,051.67","126,409","2,271,428","9,732,001.17"
34,PUDUCHERRY,2022,12,"1,185","45,427","197,911.79","2,117","123,912","423,506.36","6,139","125,458","339,170.71"
35,ANDAMAN AND NICOBAR,2022,12,72,"2,410","5,190.14",101,486,"5,488.10","1,188","12,472","27,706.20"
36,TELANGANA,2022,12,"48,500","2,690,330","4,707,965.26","35,012","912,590","3,956,680.28","70,058","1,371,872","4,882,405.60"
37,ANDHRA PRADESH,2022,12,"38,341","2,144,947","4,030,627.14","23,263","523,220","4,209,924.75","79,240","1,211,002","4,395,521.54"
38,LADAKH,2022,12,77,816,"2,479.02",40,146,"2,146.85",744,"4,073","15,694.58"
97,Other Territory,2022,12,7,106,"5,226.10",34,"2,616","57,551.69",312,"11,787","283,967.84"
1,JAMMU AND KASHMIR,2022,11,"7,040","243,366","420,030.12","3,787","44,088","265,724.81","20,892","227,090","685,513.01"
2,HIMACHAL PRADESH,2022,11,"9,191","313,024","649,926.29","5,844","299,118","1,306,316.22","24,449","354,357","1,157,363.66"
3,PUNJAB,2022,11,"70,324","1,944,975","4,610,388.08","55,417","1,218,869","3,375,147.61","74,613","1,016,051","3,489,801.27"
4,CHANDIGARH,2022,11,"2,321","27,036","44,361.81","5,328","88,700","179,449.23","8,994","139,596","297,731.67"
5,UTTARAKHAND,2022,11,"13,897","666,148","1,166,295.47","9,719","387,630","1,924,551.05","29,211","546,841","1,652,712.48"
6,HARYANA,2022,11,"77,045","3,431,888","6,237,503.78","68,420","3,716,185","8,418,530.03","107,675","2,228,996","8,106,678.27"
7,DELHI,2022,11,"73,966","1,127,498","3,684,052.16","130,924","1,867,511","4,908,387.29","133,251","2,080,261","5,746,838.80"
8,RAJASTHAN,2022,11,"64,540","1,683,934","4,743,291.89","54,461","1,427,948","4,643,712.83","108,821","1,479,818","5,262,312.89"
9,UTTAR PRADESH,2022,11,"135,670","4,298,671","8,657,769.61","91,028","1,807,244","6,761,680.17","207,330","2,706,408","9,002,890.54"
10,BIHAR,2022,11,"9,802","620,880","1,201,778.72","8,739","106,378","378,641.44","62,176","652,099","1,921,818.35"
11,SIKKIM,2022,11,167,"9,740","20,789.65",224,"8,041","336,284.23","2,993","63,994","126,878.40"
12,ARUNACHAL PRADESH,2022,11,241,"4,502","8,482.28",283,"2,280","10,969.86","3,454","40,900","82,102.30"
13,NAGALAND,2022,11,163,"2,234","7,525.56",357,"5,691","17,269.07","2,875","40,085","71,802.85"
14,MANIPUR,2022,11,158,"4,797","12,178.61",194,"1,136","5,460.37","3,169","48,056","97,554.83"
15,MIZORAM,2022,11,63,"1,789","2,898.36",86,577,"2,347.66","2,199","33,716","57,231.35"
16,TRIPURA,2022,11,"1,699","45,516","84,285.95",533,"3,547","29,868.91","4,560","42,188","99,979.53"
17,MEGHALAYA,2022,11,455,"17,706","39,337.02",507,"31,176","76,768.41","3,943","52,101","132,507.57"
18,ASSAM,2022,11,"14,015","556,636","1,073,277.59","10,935","234,733","807,861.05","28,446","368,962","1,288,363.64"
19,WEST BENGAL,2022,11,"49,977","2,231,487","5,717,072.26","45,382","960,407","4,142,600.67","69,638","1,193,399","4,949,376.69"
20,JHARKHAND,2022,11,"10,482","613,473","1,586,317.55","8,657","249,256","1,800,935.18","28,826","447,119","1,795,903.89"
21,ODISHA,2022,11,"17,189","1,054,153","2,487,168.52","7,296","303,542","3,134,479.87","35,650","456,992","2,316,276.72"
22,CHHATTISGARH,2022,11,"6,544","306,114","1,000,525.83","8,769","191,227","1,772,368.36","26,289","430,299","1,853,396.20"
23,MADHYA PRADESH,2022,11,"26,896","990,616","2,423,921.04","23,109","535,758","2,783,161.98","79,073","1,010,451","3,525,365.17"
24,GUJARAT,2022,11,"162,646","4,994,988","14,689,751.18","139,452","4,009,453","13,782,206.06","147,486","1,987,956","10,897,610.47"
25,DAMAN AND DIU,2022,11, -   , -   , -   ,2,3,46.33,20,57,185.89
26,DADRA AND NAGAR HAVELI,2022,11,"2,953","126,523","532,811.15","3,868","440,954","1,813,631.32","5,576","190,817","1,535,949.81"
27,MAHARASHTRA,2022,11,"153,783","8,055,797","18,985,872.21","119,871","4,321,954","15,789,718.62","215,483","3,154,520","15,636,184.58"
29,KARNATAKA,2022,11,"111,704","5,159,030","8,803,263.02","55,954","2,160,340","6,973,063.12","120,642","2,013,248","7,866,544.71"
30,GOA,2022,11,"1,981","111,882","200,839.05","1,815","72,113","528,278.51","8,559","131,928","502,303.03"
31,LAKSHADWEEP,2022,11, -   , -   , -   ,1,1,2.64,53,386,"1,664.09"
32,KERALA,2022,11,"46,331","1,813,873","2,498,204.65","17,174","187,907","911,131.24","58,491","730,310","1,984,056.65"
33,TAMIL NADU,2022,11,"110,191","5,800,259","11,073,374.64","75,522","2,303,818","9,148,813.04","120,512","2,044,974","9,143,456.91"
34,PUDUCHERRY,2022,11,"1,160","46,891","164,631.60","2,095","117,859","391,798.76","5,833","117,250","337,862.69"
35,ANDAMAN AND NICOBAR,2022,11,65,"2,533","4,126.01",115,432,"5,775.53","1,144","12,011","26,944.07"
36,TELANGANA,2022,11,"47,542","2,462,695","4,289,232.51","34,389","835,571","3,494,009.42","67,284","1,222,829","4,461,757.27"
37,ANDHRA PRADESH,2022,11,"36,772","1,962,067","3,419,423.72","22,645","496,550","4,039,743.11","76,682","1,108,608","4,179,147.32"
38,LADAKH,2022,11,84,945,"2,498.74",66,388,"4,349.12","1,278","10,541","34,583.33"
97,Other Territory,2022,11,7,123,"54,752.47",35,"2,569","130,882.48",363,"10,899","271,547.34"
1,JAMMU AND KASHMIR,2022,10,"6,965","244,516","423,428.10","3,646","41,843","265,063.84","20,722","239,621","671,452.34"
2,HIMACHAL PRADESH,2022,10,"9,148","307,761","645,680.51","5,703","271,174","1,208,807.21","24,794","350,656","1,121,000.78"
3,PUNJAB,2022,10,"70,517","1,943,833","4,668,249.83","54,679","1,232,990","3,358,613.15","73,091","1,023,055","3,395,228.72"
4,CHANDIGARH,2022,10,"2,340","30,075","50,050.80","5,263","87,082","178,280.07","8,930","144,499","312,059.20"
5,UTTARAKHAND,2022,10,"13,507","667,202","1,166,322.18","9,177","356,617","1,878,237.04","29,192","526,477","1,602,936.98"
6,HARYANA,2022,10,"75,667","3,397,096","6,150,860.22","66,995","3,825,565","8,266,562.60","106,884","2,127,674","8,108,907.52"
7,DELHI,2022,10,"71,493","1,101,950","3,542,388.72","129,127","1,739,819","4,708,967.71","131,414","2,072,753","5,606,438.83"
8,RAJASTHAN,2022,10,"62,382","1,594,869","4,335,122.65","52,161","1,358,402","4,235,759.35","107,477","1,486,758","5,072,538.13"
9,UTTAR PRADESH,2022,10,"130,117","3,955,112","8,352,893.73","87,834","1,711,615","6,798,887.72","199,676","2,752,369","8,783,063.02"
10,BIHAR,2022,10,"9,098","553,706","1,132,155.52","7,487","83,448","312,576.70","60,158","708,917","1,878,276.09"
11,SIKKIM,2022,10,154,"7,372","17,132.54",183,"6,404","228,644.03","2,789","51,156","106,828.96"
12,ARUNACHAL PRADESH,2022,10,223,"3,252","7,829.48",253,"1,807","10,883.61","3,245","34,406","71,330.18"
13,NAGALAND,2022,10,160,"1,985","7,878.98",312,"3,975","17,683.47","2,683","35,120","59,838.94"
14,MANIPUR,2022,10,144,"4,524","11,273.75",163,"1,098","4,524.00","2,989","43,977","90,189.72"
15,MIZORAM,2022,10,64,"1,603","2,708.96",74,488,"2,972.30","2,114","33,033","54,101.23"
16,TRIPURA,2022,10,"1,537","34,576","65,373.18",448,"2,755","35,309.48","4,231","36,451","89,881.13"
17,MEGHALAYA,2022,10,442,"15,731","35,429.60",479,"28,773","71,378.96","3,789","47,361","112,488.51"
18,ASSAM,2022,10,"12,909","485,026","954,961.20","10,296","206,431","726,264.03","26,308","330,503","1,147,752.09"
19,WEST BENGAL,2022,10,"44,026","1,876,140","4,862,851.95","40,549","818,028","3,726,353.22","64,105","1,128,216","4,456,470.34"
20,JHARKHAND,2022,10,"9,886","563,438","1,493,500.50","7,659","217,878","1,714,983.83","27,194","408,164","1,714,379.60"
21,ODISHA,2022,10,"16,208","955,702","2,274,090.19","6,637","287,274","3,089,024.70","32,534","416,920","2,124,609.15"
22,CHHATTISGARH,2022,10,"6,077","274,260","912,338.95","8,032","159,492","1,531,334.62","24,770","393,530","1,728,956.93"
23,MADHYA PRADESH,2022,10,"25,316","911,084","2,120,564.33","21,772","475,896","2,439,958.73","75,336","944,749","3,280,629.68"
24,GUJARAT,2022,10,"157,211","4,335,706","12,705,170.55","137,981","4,154,462","12,941,643.19","137,934","1,867,304","9,697,146.86"
25,DAMAN AND DIU,2022,10, -   , -   , -   ,1,1,1.41,17,55,285.11
26,DADRA AND NAGAR HAVELI,2022,10,"2,891","116,901","481,432.31","3,785","409,074","1,694,579.88","5,498","175,382","1,341,739.13"
27,MAHARASHTRA,2022,10,"148,791","7,814,944","17,977,261.84","114,804","4,161,094","15,382,807.10","208,972","3,105,627","15,307,399.14"
29,KARNATAKA,2022,10,"106,716","5,093,341","8,540,702.70","52,929","2,204,148","6,665,081.30","116,325","1,948,651","8,204,640.92"
30,GOA,2022,10,"1,973","106,010","185,018.18","1,711","68,489","503,904.94","8,148","123,521","700,040.25"
31,LAKSHADWEEP,2022,10, -   , -   , -   ,1,1,159.79,53,376,675.44
32,KERALA,2022,10,"45,397","1,742,991","2,425,030.84","16,702","179,508","863,450.98","55,416","663,150","1,862,781.86"
33,TAMIL NADU,2022,10,"103,958","5,386,381","10,376,127.44","71,731","2,163,308","8,683,452.10","118,303","2,130,394","8,723,052.84"
34,PUDUCHERRY,2022,10,"1,121","45,007","137,305.19","1,985","112,655","366,965.47","5,802","117,340","339,489.18"
35,ANDAMAN AND NICOBAR,2022,10,63,"2,155","4,545.86",95,468,"5,667.32","1,049","11,005","27,381.25"
36,TELANGANA,2022,10,"44,783","2,371,165","4,080,231.40","32,217","756,864","3,142,784.20","63,906","1,176,484","4,266,610.34"
37,ANDHRA PRADESH,2022,10,"34,794","1,910,383","3,146,322.76","21,174","460,632","4,840,554.65","71,785","922,757","3,831,111.55"
38,LADAKH,2022,10,95,"1,669","4,051.81",90,543,"6,787.41","1,611","17,400","47,961.49"
97,Other Territory,2022,10,6,106,"4,636.28",31,"2,644","89,821.40",332,"9,560","245,904.47"
1,JAMMU AND KASHMIR,2022,9,"6,818","246,842","425,612.80","3,731","45,614","310,983.12","20,797","249,769","753,953.61"
2,HIMACHAL PRADESH,2022,9,"9,134","322,845","683,129.60","5,803","307,197","1,369,530.86","24,690","382,815","1,221,564.65"
3,PUNJAB,2022,9,"70,418","2,019,690","4,955,455.07","54,279","1,243,629","3,574,884.90","74,723","1,111,183","3,609,217.18"
4,CHANDIGARH,2022,9,"2,394","28,970","50,914.05","5,272","93,179","196,402.18","9,081","153,321","319,259.12"
5,UTTARAKHAND,2022,9,"13,628","700,884","1,317,331.83","9,469","390,968","2,075,333.89","29,399","573,107","1,774,501.40"
6,HARYANA,2022,9,"75,696","3,634,895","6,860,031.35","67,624","4,323,122","9,141,442.32","109,113","2,342,356","9,271,409.34"
7,DELHI,2022,9,"74,450","1,199,034","3,918,154.85","133,116","2,003,195","5,245,008.96","136,855","2,267,822","6,291,612.96"
8,RAJASTHAN,2022,9,"61,259","1,651,349","4,148,661.43","53,928","1,549,221","4,504,962.63","109,242","1,625,788","5,660,364.99"
9,UTTAR PRADESH,2022,9,"131,046","4,114,143","9,036,852.12","90,564","1,932,936","8,040,235.30","203,805","3,022,787","9,853,629.28"
10,BIHAR,2022,9,"9,397","619,622","1,175,515.33","8,473","98,441","375,191.88","62,986","871,227","2,036,748.56"
11,SIKKIM,2022,9,156,"10,419","22,133.50",228,"7,746","313,146.60","2,975","65,651","124,295.19"
12,ARUNACHAL PRADESH,2022,9,233,"3,819","9,038.14",270,"2,156","11,992.06","3,450","39,453","81,398.92"
13,NAGALAND,2022,9,160,"2,217","9,525.44",315,"4,825","18,067.83","2,814","38,969","67,861.47"
14,MANIPUR,2022,9,132,"4,542","12,239.31",166,"1,311","5,938.38","3,112","48,694","100,024.16"
15,MIZORAM,2022,9,69,"1,511","2,328.80",87,456,"3,651.89","2,122","31,078","55,810.18"
16,TRIPURA,2022,9,"1,572","39,981","75,969.68",497,"3,246","27,749.40","4,781","45,516","109,691.97"
17,MEGHALAYA,2022,9,431,"17,611","38,755.44",513,"30,525","78,528.45","3,911","52,869","114,262.71"
18,ASSAM,2022,9,"13,823","571,448","1,085,951.48","10,940","231,872","852,008.48","28,889","422,779","1,310,786.72"
19,WEST BENGAL,2022,9,"49,536","2,317,225","5,966,503.18","45,999","1,142,572","4,545,315.87","68,185","1,302,401","5,192,779.76"
20,JHARKHAND,2022,9,"10,042","576,820","1,448,406.40","8,132","219,824","1,690,816.88","29,052","472,125","1,805,357.59"
21,ODISHA,2022,9,"16,637","997,976","2,336,375.68","7,047","267,219","2,875,647.29","35,493","495,125","2,419,490.60"
22,CHHATTISGARH,2022,9,"6,085","292,539","964,569.89","8,546","183,275","1,596,659.27","26,455","450,145","1,904,361.83"
23,MADHYA PRADESH,2022,9,"24,735","926,201","1,854,742.00","22,504","546,491","2,557,281.21","77,927","1,032,613","3,432,544.13"
24,GUJARAT,2022,9,"161,496","4,862,390","13,751,749.38","142,381","4,906,020","14,156,156.17","149,751","2,205,027","10,763,574.47"
25,DAMAN AND DIU,2022,9, -   , -   , -   ,3,10,7.86,15,47,269.36
26,DADRA AND NAGAR HAVELI,2022,9,"2,973","128,761","544,963.91","3,878","467,683","1,909,303.18","5,554","195,870","1,543,611.27"
27,MAHARASHTRA,2022,9,"150,721","8,198,741","18,917,277.48","118,960","4,826,805","16,563,857.58","216,135","3,489,751","16,482,933.65"
29,KARNATAKA,2022,9,"110,211","5,351,846","9,554,802.03","55,525","2,411,034","7,421,421.54","121,176","2,302,708","8,610,553.67"
30,GOA,2022,9,"1,900","100,112","225,134.26","1,763","71,112","540,275.73","7,922","123,952","484,548.18"
31,LAKSHADWEEP,2022,9, -   , -   , -   ,1,1,1.94,42,269,584.92
32,KERALA,2022,9,"44,188","1,677,379","2,348,292.01","16,498","182,667","905,660.20","54,881","670,540","1,901,815.84"
33,TAMIL NADU,2022,9,"105,918","5,869,229","11,579,718.45","74,517","2,466,016","9,805,394.79","125,731","2,650,972","9,836,628.54"
34,PUDUCHERRY,2022,9,"1,127","48,474","192,575.64","2,025","122,473","455,841.04","5,927","132,530","390,808.44"
35,ANDAMAN AND NICOBAR,2022,9,53,"1,760","2,835.73",93,421,"4,957.17","1,137","14,098","28,803.89"
36,TELANGANA,2022,9,"45,311","2,482,904","4,470,024.41","33,192","854,402","3,499,548.64","69,096","1,462,652","4,938,125.20"
37,ANDHRA PRADESH,2022,9,"35,260","1,994,584","3,556,684.97","22,268","507,581","4,290,812.20","74,684","1,043,448","4,194,318.21"
38,LADAKH,2022,9,102,"1,642","3,598.56",71,371,"2,816.91","1,527","17,512","57,504.14"
97,Other Territory,2022,9,7,112,"61,129.76",33,"2,658","75,990.84",380,"9,808","261,233.21"
1,JAMMU AND KASHMIR,2022,8,"6,659","240,884","406,268.41","3,617","44,896","345,181.31","19,550","207,941","697,224.62"
2,HIMACHAL PRADESH,2022,8,"8,842","310,101","674,624.39","5,607","288,359","1,345,024.01","22,578","349,331","1,172,249.57"
3,PUNJAB,2022,8,"67,681","1,948,329","4,931,487.12","51,268","1,070,023","3,396,732.54","71,147","1,016,253","3,551,686.91"
4,CHANDIGARH,2022,8,"2,281","28,425","46,245.46","5,228","89,155","183,702.31","8,728","138,902","301,485.54"
5,UTTARAKHAND,2022,8,"13,427","678,127","1,141,382.78","9,205","390,823","2,077,843.91","27,204","522,135","1,683,999.64"
6,HARYANA,2022,8,"73,812","3,237,646","6,182,146.68","65,850","3,667,154","8,456,862.51","103,891","2,206,970","8,607,094.92"
7,DELHI,2022,8,"72,080","1,131,368","3,615,559.72","128,128","1,900,201","4,876,442.27","130,014","1,976,815","5,825,453.42"
8,RAJASTHAN,2022,8,"57,969","1,485,553","3,814,953.77","51,551","1,405,270","4,269,617.86","98,099","1,384,372","5,366,069.83"
9,UTTAR PRADESH,2022,8,"126,130","3,901,351","8,467,919.21","86,960","1,769,146","7,406,717.42","186,453","2,499,604","9,460,981.07"
10,BIHAR,2022,8,"8,880","574,181","1,114,021.99","8,207","94,600","371,007.05","56,449","724,610","1,950,581.10"
11,SIKKIM,2022,8,154,"10,274","22,792.43",195,"7,618","329,521.71","1,952","38,910","117,559.56"
12,ARUNACHAL PRADESH,2022,8,229,"3,763","8,941.97",232,"1,955","10,326.04","3,422","39,492","78,525.07"
13,NAGALAND,2022,8,162,"2,007","7,363.42",324,"4,956","17,048.16","2,657","39,330","64,958.97"
14,MANIPUR,2022,8,136,"4,742","11,690.66",171,"1,129","4,535.43","2,958","47,147","97,224.37"
15,MIZORAM,2022,8,49,"1,992","2,970.80",92,494,"3,874.56","2,090","31,773","53,485.03"
16,TRIPURA,2022,8,"1,536","41,208","78,409.28",502,"3,522","32,677.16","4,869","50,014","111,970.14"
17,MEGHALAYA,2022,8,417,"17,133","35,308.36",486,"33,368","79,402.56","3,807","51,288","119,242.08"
18,ASSAM,2022,8,"13,449","548,176","1,059,237.71","10,597","230,153","826,388.51","28,491","410,488","1,298,827.16"
19,WEST BENGAL,2022,8,"48,794","2,207,127","5,746,024.18","43,584","969,876","4,361,562.91","68,346","1,341,476","5,335,398.02"
20,JHARKHAND,2022,8,"9,711","542,602","1,392,874.40","7,539","221,237","1,781,577.27","27,208","439,832","1,804,063.52"
21,ODISHA,2022,8,"15,968","901,429","2,146,309.87","6,782","243,810","3,171,413.34","33,264","430,525","2,124,536.87"
22,CHHATTISGARH,2022,8,"5,840","254,585","883,557.24","8,146","162,868","1,587,535.77","24,728","418,513","1,734,438.90"
23,MADHYA PRADESH,2022,8,"22,921","841,585","1,705,842.14","21,181","492,298","2,465,502.62","70,795","894,219","3,211,681.77"
24,GUJARAT,2022,8,"152,826","4,417,096","12,888,712.76","136,034","4,203,315","13,801,394.98","139,443","1,912,493","11,275,691.79"
25,DAMAN AND DIU,2022,8, -   , -   , -   ,1,1,0.77,19,51,143.29
26,DADRA AND NAGAR HAVELI,2022,8,"2,945","128,203","535,062.60","3,823","453,593","1,870,654.94","5,387","187,808","1,546,956.48"
27,MAHARASHTRA,2022,8,"147,484","7,929,184","18,393,307.39","116,269","4,350,992","15,822,101.75","206,502","3,175,694","15,932,942.88"
29,KARNATAKA,2022,8,"107,385","4,868,747","8,767,689.94","54,328","2,185,853","6,753,262.87","118,259","2,095,236","8,222,818.24"
30,GOA,2022,8,"1,923","102,546","193,824.44","1,713","68,896","565,445.39","7,895","125,128","468,519.30"
31,LAKSHADWEEP,2022,8, -   , -   , -   , -   , -   , -   ,35,273,416.12
32,KERALA,2022,8,"46,499","1,991,134","2,879,448.76","16,797","185,319","929,538.87","60,291","867,211","2,326,001.61"
33,TAMIL NADU,2022,8,"103,815","5,561,871","11,142,807.27","74,620","2,507,733","9,295,371.14","120,327","2,253,200","9,323,837.30"
34,PUDUCHERRY,2022,8,"1,117","46,089","192,192.33","1,992","117,096","394,916.63","5,790","121,392","366,723.60"
35,ANDAMAN AND NICOBAR,2022,8,53,"1,965","4,009.69",86,383,"4,585.91","1,118","12,363","27,549.92"
36,TELANGANA,2022,8,"44,161","2,422,627","4,205,917.61","32,472","793,655","3,161,780.56","66,350","1,337,275","4,740,795.87"
37,ANDHRA PRADESH,2022,8,"34,287","1,889,150","3,374,119.18","21,431","475,111","4,168,393.86","73,652","1,004,438","4,098,332.47"
38,LADAKH,2022,8,95,"2,084","3,836.04",62,363,"1,705.70","1,518","17,592","45,026.85"
97,Other Territory,2022,8,7,71,"8,034.17",27,"2,470","77,042.29",335,"9,841","292,439.55"
1,JAMMU AND KASHMIR,2022,7,"6,353","225,502","394,728.27","3,452","43,406","350,152.10","19,522","203,864","720,932.58"
2,HIMACHAL PRADESH,2022,7,"8,914","313,043","673,806.07","5,574","289,426","1,331,423.38","22,881","350,892","1,192,784.57"
3,PUNJAB,2022,7,"64,690","1,828,394","4,613,330.76","49,017","966,856","3,279,837.20","69,406","941,604","3,421,665.79"
4,CHANDIGARH,2022,7,"2,302","28,244","43,853.73","5,096","89,470","179,537.16","8,622","131,743","288,765.70"
5,UTTARAKHAND,2022,7,"13,094","638,871","1,096,884.23","8,702","354,772","1,862,855.10","26,041","503,237","1,639,080.81"
6,HARYANA,2022,7,"72,404","3,269,765","6,213,986.06","64,995","3,593,723","8,374,683.75","102,388","2,218,882","8,118,150.20"
7,DELHI,2022,7,"70,769","1,098,207","3,502,456.48","125,806","1,794,377","4,759,625.34","127,570","1,806,209","5,538,625.09"
8,RAJASTHAN,2022,7,"58,155","1,493,407","3,748,767.55","51,582","1,338,710","4,231,446.60","98,576","1,356,256","5,157,528.86"
9,UTTAR PRADESH,2022,7,"123,376","3,855,972","8,145,496.17","83,788","1,648,951","7,053,043.31","183,651","2,446,790","8,881,666.73"
10,BIHAR,2022,7,"8,699","583,417","1,140,479.10","8,291","95,434","359,565.12","54,324","586,077","1,868,710.47"
11,SIKKIM,2022,7,150,"9,772","23,803.57",188,"7,219","316,467.02","1,877","36,025","118,470.85"
12,ARUNACHAL PRADESH,2022,7,209,"3,423","6,231.20",230,"1,594","9,079.93","3,340","38,876","78,464.76"
13,NAGALAND,2022,7,149,"1,781","7,295.02",294,"4,553","15,972.62","2,631","38,018","59,481.78"
14,MANIPUR,2022,7,120,"4,094","11,505.24",146,"1,137","4,361.66","2,918","46,191","86,649.24"
15,MIZORAM,2022,7,49,"1,066","2,099.67",92,507,"3,922.05","2,085","32,445","55,895.36"
16,TRIPURA,2022,7,"1,497","36,373","74,707.15",487,"3,104","28,842.57","4,365","43,148","106,324.79"
17,MEGHALAYA,2022,7,435,"15,646","34,758.33",470,"30,103","71,446.34","3,671","47,150","108,018.93"
18,ASSAM,2022,7,"13,091","520,286","976,312.89","10,519","226,571","760,881.66","25,504","333,204","1,118,381.79"
19,WEST BENGAL,2022,7,"46,689","2,102,146","5,487,971.75","41,707","871,268","4,274,420.84","66,280","1,195,947","4,922,671.60"
20,JHARKHAND,2022,7,"9,644","573,416","1,440,047.84","7,505","222,986","1,808,857.74","26,909","385,642","1,805,453.82"
21,ODISHA,2022,7,"15,910","926,861","2,263,960.19","6,906","231,657","3,002,979.28","32,571","404,499","2,139,975.55"
22,CHHATTISGARH,2022,7,"5,995","263,003","883,562.77","8,018","167,476","1,663,752.50","24,921","400,326","1,715,159.12"
23,MADHYA PRADESH,2022,7,"22,742","905,058","1,827,248.26","21,348","477,096","2,496,564.82","71,739","944,410","3,270,348.17"
24,GUJARAT,2022,7,"153,736","4,419,092","13,299,694.23","135,601","3,914,087","13,722,228.92","138,973","1,936,831","11,020,086.35"
25,DAMAN AND DIU,2022,7, -   , -   , -   ,2,4,4.15,22,56,173.69
26,DADRA AND NAGAR HAVELI,2022,7,"2,905","124,950","530,437.67","3,788","430,258","1,829,952.41","5,299","184,400","1,567,666.07"
27,MAHARASHTRA,2022,7,"144,297","7,619,951","17,675,323.36","114,760","4,265,113","15,192,880.95","201,163","2,983,960","15,779,574.62"
29,KARNATAKA,2022,7,"106,793","4,800,178","8,521,336.48","53,944","2,199,936","6,754,426.04","116,963","2,058,711","8,195,129.23"
30,GOA,2022,7,"1,863","90,369","179,472.99","1,678","67,400","559,666.22","7,410","121,168","709,855.14"
31,LAKSHADWEEP,2022,7, -   , -   , -   ,1,3,5.03,40,270,722.34
32,KERALA,2022,7,"44,362","1,689,973","2,467,943.06","16,096","183,290","872,546.61","56,900","802,572","2,157,997.87"
33,TAMIL NADU,2022,7,"101,192","5,458,408","10,916,116.15","73,806","2,452,850","9,411,867.29","119,483","2,198,250","9,128,704.73"
34,PUDUCHERRY,2022,7,"1,086","46,007","194,904.09","2,009","117,125","413,860.82","5,713","119,897","380,332.72"
35,ANDAMAN AND NICOBAR,2022,7,55,"1,974","3,524.82",74,422,"4,403.58","1,053","11,060","25,776.52"
36,TELANGANA,2022,7,"43,685","2,303,623","4,143,503.36","32,376","789,810","3,211,380.71","65,387","1,322,391","4,750,515.64"
37,ANDHRA PRADESH,2022,7,"34,734","1,824,267","3,342,394.44","21,419","476,914","4,242,101.11","73,859","1,032,669","4,171,939.57"
38,LADAKH,2022,7,88,"2,130","4,844.83",54,349,"1,682.71","1,532","18,047","51,961.27"
97,Other Territory,2022,7,7,86,"6,872.90",31,"2,394","73,888.07",292,"10,483","247,270.83"
1,JAMMU AND KASHMIR,2022,6,"6,352","232,953","396,267.38","3,629","45,425","347,748.32","20,144","207,648","714,451.18"
2,HIMACHAL PRADESH,2022,6,"8,990","320,030","701,435.75","5,590","300,755","1,343,392.82","23,219","342,418","1,196,297.32"
3,PUNJAB,2022,6,"64,219","1,777,358","4,467,878.41","48,298","919,284","3,248,880.63","68,713","909,756","3,388,089.20"
4,CHANDIGARH,2022,6,"2,239","28,718","40,624.94","5,064","88,872","173,427.41","8,489","127,395","290,732.48"
5,UTTARAKHAND,2022,6,"13,195","667,743","1,221,073.50","9,081","377,557","2,058,391.65","26,902","526,865","1,742,431.97"
6,HARYANA,2022,6,"72,210","3,102,200","6,022,233.61","64,524","3,485,810","8,177,025.35","102,595","2,076,045","7,870,056.13"
7,DELHI,2022,6,"70,011","1,045,889","3,535,580.52","125,376","1,700,999","4,611,252.26","125,771","1,804,536","5,410,798.36"
8,RAJASTHAN,2022,6,"59,313","1,519,358","3,972,306.90","52,119","1,348,932","4,396,769.40","100,031","1,341,753","5,405,294.04"
9,UTTAR PRADESH,2022,6,"125,470","3,930,106","8,477,951.07","85,312","1,659,844","6,938,898.53","186,844","2,364,650","8,788,496.73"
10,BIHAR,2022,6,"8,619","576,998","1,172,283.29","8,230","95,512","371,274.30","55,488","584,322","1,851,154.89"
11,SIKKIM,2022,6,137,"9,362","22,399.35",182,"6,497","303,994.10","1,867","35,333","116,931.87"
12,ARUNACHAL PRADESH,2022,6,220,"3,420","6,771.62",247,"1,682","10,382.00","3,335","37,969","73,170.91"
13,NAGALAND,2022,6,142,"1,725","5,826.15",308,"5,158","17,403.23","2,622","35,267","60,182.64"
14,MANIPUR,2022,6,119,"4,067","10,823.97",150,"1,192","4,579.51","2,910","42,574","86,137.46"
15,MIZORAM,2022,6,42,938,"1,798.27",84,353,"3,132.52","1,956","25,095","47,937.64"
16,TRIPURA,2022,6,"1,476","32,181","72,960.05",447,"2,843","27,517.26","4,084","33,968","78,812.80"
17,MEGHALAYA,2022,6,387,"13,825","29,496.14",455,"25,912","65,856.79","3,599","44,980","99,778.18"
18,ASSAM,2022,6,"12,763","463,678","875,528.14","10,361","210,469","713,891.64","25,378","308,588","1,095,791.78"
19,WEST BENGAL,2022,6,"47,062","2,032,204","5,343,106.75","41,741","838,209","4,112,418.55","65,097","1,095,565","4,665,393.12"
20,JHARKHAND,2022,6,"9,755","555,097","1,418,801.88","7,974","226,581","1,705,963.77","26,485","373,924","1,801,856.00"
21,ODISHA,2022,6,"15,901","926,107","2,238,416.32","6,845","216,745","3,074,597.62","33,160","412,504","2,306,478.39"
22,CHHATTISGARH,2022,6,"5,907","282,986","929,030.89","8,186","177,148","1,748,377.27","24,838","367,325","1,681,827.51"
23,MADHYA PRADESH,2022,6,"23,596","924,369","1,997,013.39","21,294","482,090","2,571,027.38","72,155","889,409","3,383,707.92"
24,GUJARAT,2022,6,"155,393","4,443,763","13,685,622.23","136,455","3,637,812","13,780,737.31","139,636","1,878,076","10,590,633.64"
25,DAMAN AND DIU,2022,6, -   , -   , -   ,3,8,17.26,19,72,181.43
26,DADRA AND NAGAR HAVELI,2022,6,"2,936","124,408","544,314.27","3,870","437,265","1,946,473.17","5,438","188,667","1,655,998.24"
27,MAHARASHTRA,2022,6,"144,639","7,700,017","18,277,689.48","114,972","4,055,413","15,451,385.40","203,272","2,933,921","15,679,523.68"
29,KARNATAKA,2022,6,"106,112","4,689,991","8,620,903.92","53,724","2,063,788","6,777,064.02","116,578","1,947,031","7,929,280.30"
30,GOA,2022,6,"1,843","96,130","174,974.96","1,719","71,356","563,352.80","7,572","120,765","626,840.56"
31,LAKSHADWEEP,2022,6, -   , -   , -   ,4,4,33.37,43,419,588.66
32,KERALA,2022,6,"44,509","1,765,617","2,474,567.80","16,363","190,689","946,174.43","57,270","742,250","2,070,476.03"
33,TAMIL NADU,2022,6,"98,380","5,221,074","10,581,820.05","72,233","2,361,696","9,101,594.99","118,388","2,145,873","8,924,376.97"
34,PUDUCHERRY,2022,6,"1,096","45,863","207,538.47","1,950","116,197","419,253.73","5,620","115,465","372,345.03"
35,ANDAMAN AND NICOBAR,2022,6,46,"1,813","3,238.99",79,272,"3,514.29","1,078","10,870","23,224.39"
36,TELANGANA,2022,6,"44,359","2,286,886","4,246,003.20","32,663","773,906","3,368,097.26","64,402","1,233,920","5,040,847.52"
37,ANDHRA PRADESH,2022,6,"34,450","1,753,337","3,327,585.23","21,340","467,792","4,534,001.34","71,422","966,011","3,997,985.35"
38,LADAKH,2022,6,76,"1,818","3,838.94",53,381,"1,662.99","1,598","19,496","56,957.68"
97,Other Territory,2022,6,6,50,803.57,35,"2,384","73,284.85",286,"10,687","235,850.18"
1,JAMMU AND KASHMIR,2022,5,"6,224","225,682","387,615.12","3,564","45,628","344,466.08","20,000","220,593","717,704.55"
2,HIMACHAL PRADESH,2022,5,"8,825","311,443","697,904.41","5,572","298,063","1,316,350.79","23,456","341,318","1,224,939.01"
3,PUNJAB,2022,5,"65,841","1,779,499","4,670,495.78","48,638","919,344","3,255,064.79","70,616","932,301","3,446,767.14"
4,CHANDIGARH,2022,5,"2,216","26,527","41,265.75","5,100","87,495","176,106.34","8,446","128,791","279,994.87"
5,UTTARAKHAND,2022,5,"13,236","652,420","1,210,151.44","9,061","366,348","2,040,724.88","27,040","518,118","1,729,248.44"
6,HARYANA,2022,5,"72,953","3,100,061","6,076,332.22","64,806","3,498,558","8,252,162.62","102,998","1,993,915","7,824,189.62"
7,DELHI,2022,5,"69,465","1,018,751","3,538,059.05","125,540","1,660,969","4,636,468.77","125,160","1,829,910","5,519,776.51"
8,RAJASTHAN,2022,5,"60,247","1,473,130","4,081,542.64","52,452","1,398,642","4,563,623.88","100,805","1,357,365","5,236,513.19"
9,UTTAR PRADESH,2022,5,"125,018","3,959,065","8,731,162.01","84,206","1,660,675","6,956,754.95","193,125","2,536,447","9,136,836.50"
10,BIHAR,2022,5,"8,570","558,495","1,171,197.67","7,852","92,141","376,594.60","60,323","782,090","1,963,596.83"
11,SIKKIM,2022,5,143,"8,317","19,803.03",172,"6,253","302,153.25","1,915","36,786","111,242.23"
12,ARUNACHAL PRADESH,2022,5,200,"3,175","6,868.22",242,"1,663","10,386.04","3,465","38,589","75,752.85"
13,NAGALAND,2022,5,143,"1,906","6,630.52",294,"5,604","17,852.57","2,678","34,355","59,362.54"
14,MANIPUR,2022,5,112,"4,212","11,248.96",148,"1,216","9,117.00","2,912","41,351","87,540.22"
15,MIZORAM,2022,5,47,"1,562","3,091.18",89,354,"4,629.27","2,070","29,182","56,341.82"
16,TRIPURA,2022,5,"1,487","35,220","71,592.67",466,"2,884","28,305.75","4,350","38,336","94,908.20"
17,MEGHALAYA,2022,5,404,"16,447","32,429.11",632,"34,045","82,532.16","3,698","47,730","108,039.13"
18,ASSAM,2022,5,"13,009","498,810","915,534.19","10,485","214,065","691,240.35","25,954","327,690","1,135,066.80"
19,WEST BENGAL,2022,5,"46,355","2,005,292","5,437,981.05","41,216","848,040","4,116,090.48","65,371","1,125,746","5,032,121.56"
20,JHARKHAND,2022,5,"9,969","582,957","1,438,693.46","8,375","240,678","1,773,796.36","26,989","431,288","1,858,162.46"
21,ODISHA,2022,5,"16,157","986,697","2,440,288.07","6,814","269,247","3,361,413.39","34,323","464,407","2,298,447.55"
22,CHHATTISGARH,2022,5,"5,985","278,420","1,006,589.20","8,174","181,382","1,954,427.16","24,599","371,509","1,740,526.26"
23,MADHYA PRADESH,2022,5,"24,080","863,040","1,936,021.75","21,276","475,951","2,554,832.01","72,819","912,102","3,368,171.67"
24,GUJARAT,2022,5,"152,872","4,296,793","13,738,385.23","135,338","3,928,498","13,927,682.89","136,753","1,821,579","9,660,589.85"
25,DAMAN AND DIU,2022,5, -   , -   , -   ,5,9,15,15,49,94.52
26,DADRA AND NAGAR HAVELI,2022,5,"2,931","123,369","557,138.74","3,794","432,542","1,913,858.23","5,319","184,176","1,554,683.20"
27,MAHARASHTRA,2022,5,"142,320","7,420,054","18,297,926.79","113,872","3,999,804","15,288,853.07","201,907","2,924,374","14,770,849.49"
29,KARNATAKA,2022,5,"103,517","4,459,872","8,183,898.11","52,293","2,009,990","6,601,970.84","114,283","1,873,862","7,728,122.75"
30,GOA,2022,5,"1,850","99,950","189,889.74","1,694","70,210","542,360.04","7,725","122,034","499,036.92"
31,LAKSHADWEEP,2022,5, -   , -   , -   ,2,2,32.51,49,331,590.91
32,KERALA,2022,5,"43,887","1,732,551","2,423,337.24","15,782","184,700","942,393.50","56,031","697,520","1,935,409.85"
33,TAMIL NADU,2022,5,"97,143","5,116,362","10,361,767.41","72,404","2,322,561","8,873,936.55","115,620","2,003,208","8,959,450.81"
34,PUDUCHERRY,2022,5,"1,102","46,155","198,598.93","1,966","118,643","393,453.75","5,548","113,810","365,448.17"
35,ANDAMAN AND NICOBAR,2022,5,42,"1,816","3,867.24",89,331,"5,211.71","1,041","10,446","24,826.80"
36,TELANGANA,2022,5,"44,468","2,219,750","4,052,965.15","32,225","757,028","3,214,278.59","63,222","1,196,746","4,569,640.55"
37,ANDHRA PRADESH,2022,5,"34,549","1,651,520","3,080,252.64","21,349","455,479","4,053,573.93","69,753","939,960","3,849,167.95"
38,LADAKH,2022,5,76,"1,918","3,366.44",49,310,"1,221.86","1,657","18,938","50,465.61"
97,Other Territory,2022,5,7,48,934.74,31,"2,276","110,030.05",279,"10,292","208,109.63"
1,JAMMU AND KASHMIR,2022,4,"6,243","230,962","407,882.57","3,434","43,614","299,181.37","20,576","239,641","735,055.69"
2,HIMACHAL PRADESH,2022,4,"9,043","305,914","686,447.15","5,610","277,976","1,271,863.68","24,345","340,930","1,186,886.46"
3,PUNJAB,2022,4,"66,623","1,797,788","4,847,950.16","49,077","964,284","3,312,793.78","71,745","983,183","3,489,236.82"
4,CHANDIGARH,2022,4,"2,237","29,182","43,599.46","5,104","90,888","179,622.49","8,642","131,857","303,336.22"
5,UTTARAKHAND,2022,4,"13,194","646,245","1,186,212.79","9,003","354,217","1,944,140.57","27,796","513,652","1,716,401.23"
6,HARYANA,2022,4,"72,836","2,960,085","6,109,738.09","64,660","3,412,979","8,283,079.63","104,728","2,068,805","7,945,539.95"
7,DELHI,2022,4,"69,940","1,048,493","3,705,166.26","127,435","1,817,776","4,988,125.17","127,556","1,969,519","5,581,500.73"
8,RAJASTHAN,2022,4,"62,843","1,559,718","4,685,639.98","52,851","1,466,862","4,742,592.86","105,396","1,500,031","5,880,803.51"
9,UTTAR PRADESH,2022,4,"126,569","4,076,488","9,178,009.72","85,422","1,755,417","7,302,529.57","199,390","2,938,647","9,591,327.93"
10,BIHAR,2022,4,"8,598","536,100","1,159,778.35","7,938","95,356","363,131.80","63,318","967,926","2,048,000.38"
11,SIKKIM,2022,4,145,"7,351","17,493.32",183,"6,412","300,289.42","1,981","35,575","111,125.63"
12,ARUNACHAL PRADESH,2022,4,196,"3,479","8,139.61",239,"1,820","12,443.68","3,481","37,574","76,144.02"
13,NAGALAND,2022,4,141,"2,887","8,009.54",313,"7,136","21,551.85","2,680","34,341","65,465.18"
14,MANIPUR,2022,4,108,"5,645","12,008.57",151,903,"5,500.05","2,975","43,640","98,046.14"
15,MIZORAM,2022,4,58,"1,556","2,891.94",77,399,"2,011.77","2,082","29,245","56,878.78"
16,TRIPURA,2022,4,"1,482","37,524","74,292.06",448,"3,103","35,112.43","4,519","41,198","109,814.53"
17,MEGHALAYA,2022,4,421,"16,467","36,803.30",506,"37,930","99,130.38","3,846","48,254","117,581.08"
18,ASSAM,2022,4,"13,119","519,675","989,210.52","10,675","215,026","720,917.17","27,067","364,675","1,193,263.86"
19,WEST BENGAL,2022,4,"46,585","2,058,899","5,657,072.52","42,285","955,818","4,304,609.69","67,164","1,216,525","4,913,617.64"
20,JHARKHAND,2022,4,"9,903","579,175","1,470,664.45","8,095","234,315","1,780,819.48","28,147","494,174","1,874,101.03"
21,ODISHA,2022,4,"16,052","995,326","2,400,874.16","6,761","284,827","3,329,120.11","34,404","471,516","2,245,504.08"
22,CHHATTISGARH,2022,4,"5,996","275,290","1,034,595.71","8,279","177,399","1,959,975.95","25,408","440,128","1,770,464.42"
23,MADHYA PRADESH,2022,4,"24,914","878,721","2,014,861.89","21,682","481,724","2,708,914.86","75,809","1,065,638","3,580,354.18"
24,GUJARAT,2022,4,"155,527","4,383,647","14,491,833.99","138,747","5,173,598","14,132,082.76","138,273","1,826,994","9,904,602.60"
25,DAMAN AND DIU,2022,4, -   , -   , -   ,3,8,9.76,16,53,96.21
26,DADRA AND NAGAR HAVELI,2022,4,"2,879","118,868","521,138.51","3,869","420,871","1,855,457.96","5,451","180,840","1,524,513.36"
27,MAHARASHTRA,2022,4,"143,974","7,089,250","18,090,006.13","115,497","4,195,968","15,244,228.12","204,610","3,011,480","14,605,944.67"
29,KARNATAKA,2022,4,"103,887","4,371,812","8,171,710.77","52,679","2,023,157","6,908,424.66","116,008","1,946,455","7,316,115.51"
30,GOA,2022,4,"1,875","100,661","188,818.57","1,671","65,518","515,566.02","7,831","118,470","531,195.73"
31,LAKSHADWEEP,2022,4,1,1,12,3,3,35.83,56,510,885.9
32,KERALA,2022,4,"44,222","1,756,204","2,559,708.53","15,729","184,275","931,983.33","57,461","725,396","2,146,858.49"
33,TAMIL NADU,2022,4,"95,928","4,982,317","10,282,595.86","72,568","2,305,090","8,788,847.76","116,165","2,024,765","8,665,142.88"
34,PUDUCHERRY,2022,4,"1,081","42,339","154,933.44","1,901","112,602","375,327.86","5,578","111,564","353,504.20"
35,ANDAMAN AND NICOBAR,2022,4,38,"2,092","3,510.13",84,358,"5,657.09","1,053","11,367","25,984.33"
36,TELANGANA,2022,4,"44,436","2,241,829","4,068,791.07","32,638","745,095","3,283,220.50","63,628","1,298,119","4,381,512.66"
37,ANDHRA PRADESH,2022,4,"34,979","1,716,411","3,235,296.20","21,637","459,583","7,645,680.22","71,353","976,365","3,917,951.59"
38,LADAKH,2022,4,63,972,"2,819.87",40,216,892.13,"1,476","12,785","35,827.13"
97,Other Territory,2022,4,6,40,979.52,36,"2,066","52,823.45",248,"9,957","189,659.77"
